Date,Weekly_Sales,Store,pred
2012-09-28,1437059.2,1,1559948.9
2012-10-02,1802477.4,1,1561171.1
2012-10-08,1592410.0,1,1546276.1
2012-10-19,1508068.8,1,1543801.1
2012-10-26,1493659.8,1,1543292.9
2012-11-05,1611096.0,1,1537295.4
2012-12-10,1573072.8,1,1534433.8
2012-09-28,1694862.4,10,1864469.8
2012-10-02,2218595.8,10,1865607.5
2012-10-08,1880437.0,10,1838789.8
2012-10-19,1734834.9,10,1838098.4
2012-10-26,1744349.0,10,1838786.4
2012-11-05,1792345.2,10,1828201.9
2012-12-10,1713889.1,10,1824339.2
2012-09-28,1227430.8,11,1346579.4
2012-10-02,1574287.8,11,1345151.4
2012-10-08,1388973.6,11,1330770.9
2012-10-19,1232073.1,11,1329397.6
2012-10-26,1200729.5,11,1331013.9
2012-11-05,1300147.1,11,1323862.8
2012-12-10,1311965.1,11,1322727.8
2012-09-28,880415.7,12,998931.3
2012-10-02,1199330.9,12,998055.8
2012-10-08,984689.9,12,986240.2
2012-10-19,960945.44,12,984576.25
2012-10-26,974697.6,12,985098.94
2012-11-05,1041995.25,12,978724.1
2012-12-10,934917.5,12,977404.1
2012-09-28,1927664.1,13,1993824.2
2012-10-02,2069284.6,13,1993622.9
2012-10-08,2041019.9,13,1972486.2
2012-10-19,2018010.1,13,1970472.8
2012-10-26,2035189.6,13,1973852.5
2012-11-05,2080764.1,13,1964890.1
2012-12-10,1999079.5,13,1961838.0
2012-09-28,1522512.2,14,2031257.2
2012-10-02,2077256.2,14,2035467.2
2012-10-08,1648570.0,14,2007943.8
2012-10-19,1590274.8,14,2001692.1
2012-10-26,1704357.6,14,2000128.5
2012-11-05,1987531.0,14,1986626.1
2012-12-10,1639585.6,14,1979487.8
2012-09-28,553902.0,15,621688.3
2012-10-02,628218.25,15,623083.2
2012-10-08,590453.6,15,613173.5
2012-10-19,555652.75,15,610884.06
2012-10-26,558473.6,15,609799.9
2012-11-05,579539.94,15,604378.75
2012-12-10,551799.6,15,602173.06
2012-09-28,469607.72,16,526879.1
2012-10-02,473766.97,16,527061.4
2012-10-08,554036.8,16,520664.16
2012-10-19,577199.0,16,518240.88
2012-10-26,475770.12,16,517965.25
2012-11-05,479855.0,16,514397.4
2012-12-10,491817.2,16,512605.1
2012-09-28,972716.25,17,902940.56
2012-10-02,880165.7,17,903075.06
2012-10-08,849074.06,17,894703.56
2012-10-19,957356.8,17,891463.0
2012-10-26,943465.3,17,890904.06
2012-11-05,944100.3,17,886410.94
2012-12-10,919878.3,17,883848.9
2012-09-28,1002856.2,18,1074346.8
2012-10-02,1161615.5,18,1072592.8
2012-10-08,967304.06,18,1058000.0
2012-10-19,1048706.8,18,1055863.9
2012-10-26,1127516.2,18,1057751.5
2012-11-05,1060433.1,18,1049868.8
2012-12-10,1074079.0,18,1048371.6
2012-09-28,1338299.0,19,1433552.5
2012-10-02,1499496.6,19,1431258.2
2012-10-08,1408907.9,19,1416174.2
2012-10-19,1321102.4,19,1413894.5
2012-10-26,1322118.0,19,1416506.0
2012-11-05,1442873.2,19,1408407.9
2012-12-10,1352809.5,19,1406833.0
2012-09-28,1746470.5,2,1910129.4
2012-10-02,2103322.8,2,1907411.4
2012-10-08,1866720.0,2,1888936.8
2012-10-19,1847990.4,2,1886507.2
2012-10-26,1834458.4,2,1891577.8
2012-11-05,1917521.0,2,1881369.1
2012-12-10,1900745.1,2,1879845.1
2012-09-28,2008350.6,20,2088483.8
2012-10-02,2462978.2,20,2085512.0
2012-10-08,2144245.5,20,2065326.6
2012-10-19,1999363.5,20,2062596.2
2012-10-26,2031650.5,20,2068402.2
2012-11-05,2168097.0,20,2057582.2
2012-12-10,2162951.2,20,2055525.4
2012-09-28,647097.6,21,742783.75
2012-10-02,770652.8,21,742324.25
2012-10-08,700272.0,21,732445.94
2012-10-19,641368.1,21,730082.7
2012-10-26,675202.9,21,730339.4
2012-11-05,649945.56,21,724493.5
2012-12-10,653043.44,21,722782.5
2012-09-28,976479.5,22,1045336.0
2012-10-02,1034448.06,22,1049880.1
2012-10-08,973812.8,22,1039351.1
2012-10-19,978027.94,22,1035054.6
2012-10-26,1094422.8,22,1032890.2
2012-11-05,997868.6,22,1024489.06
2012-12-10,1004039.8,22,1019178.6
2012-09-28,1319035.0,23,1388328.9
2012-10-02,1358444.1,23,1389136.8
2012-10-08,1436311.8,23,1365394.0
2012-10-19,1363155.8,23,1362201.1
2012-10-26,1347454.6,23,1363563.1
2012-11-05,1321914.4,23,1354286.1
2012-12-10,1412925.2,23,1350400.2
2012-09-28,1259278.4,24,1340155.2
2012-10-02,1403460.9,24,1338350.0
2012-10-08,1497054.8,24,1324605.5
2012-10-19,1255414.9,24,1322849.6
2012-10-26,1307182.2,24,1326176.8
2012-11-05,1355391.8,24,1318624.0
2012-12-10,1416301.1,24,1317652.6
2012-09-28,683300.8,25,701674.4
2012-10-02,658984.4,25,703011.25
2012-10-08,710497.0,25,692161.25
2012-10-19,685531.9,25,690296.25
2012-10-26,688940.94,25,691162.9
2012-11-05,739866.2,25,685497.06
2012-12-10,697317.44,25,683824.94
2012-09-28,964726.4,26,1006714.56
2012-10-02,1081005.6,26,1007600.56
2012-10-08,1121476.5,26,998128.25
2012-10-19,975578.0,26,995731.2
2012-10-26,958619.8,26,995284.25
2012-11-05,1062548.8,26,991021.8
2012-12-10,1044639.7,26,988904.4
2012-09-28,1540687.6,27,1782886.4
2012-10-02,1651605.4,27,1787030.1
2012-10-08,1720537.2,27,1767576.6
2012-10-19,1620374.2,27,1763248.0
2012-10-26,1703047.8,27,1759806.1
2012-11-05,1674306.2,27,1748693.9
2012-12-10,1660081.2,27,1743178.5
2012-09-28,1129508.6,28,1315124.4
2012-10-02,1572966.1,28,1315940.5
2012-10-08,1269113.4,28,1300114.4
2012-10-19,1143724.5,28,1297747.9
2012-10-26,1213860.6,28,1297124.1
2012-11-05,1264575.1,28,1288635.1
2012-12-10,1205536.8,28,1286015.8
2012-09-28,489674.22,29,539079.06
2012-10-02,545840.06,29,539831.2
2012-10-08,518628.4,29,531655.1
2012-10-19,516909.25,29,529306.1
2012-10-26,534970.7,29,529896.06
2012-11-05,529707.9,29,525670.2
2012-12-10,513737.0,29,523951.34
2012-09-28,389813.03,3,407003.28
2012-10-02,473292.47,3,407824.56
2012-10-08,391811.6,3,404828.1
2012-10-19,424513.1,3,403440.56
2012-10-26,405432.7,3,402796.88
2012-11-05,431985.38,3,400477.84
2012-12-10,410804.38,3,399005.34
2012-09-28,425410.03,30,437790.38
2012-10-02,451366.0,30,437883.78
2012-10-08,430878.28,30,436091.16
2012-10-19,437537.28,30,435653.16
2012-10-26,439424.5,30,435406.6
2012-11-05,436070.44,30,434388.22
2012-12-10,434593.25,30,433996.2
2012-09-28,1279080.6,31,1390810.4
2012-10-02,1527688.6,31,1390469.6
2012-10-08,1386472.6,31,1379881.6
2012-10-19,1378730.5,31,1378188.8
2012-10-26,1340232.5,31,1378693.1
2012-11-05,1392938.0,31,1373906.2
2012-12-10,1401113.4,31,1372406.6
2012-09-28,1157111.1,32,1162906.2
2012-10-02,1129422.9,32,1162707.4
2012-10-08,1227469.2,32,1150435.2
2012-10-19,1199292.0,32,1148459.4
2012-10-26,1219979.2,32,1149823.8
2012-11-05,1187051.1,32,1144479.0
2012-12-10,1176681.2,32,1142758.4
2012-09-28,242813.52,33,261524.42
2012-10-02,282552.6,33,261828.56
2012-10-08,297753.5,33,260235.92
2012-10-19,254412.34,33,259511.34
2012-10-26,253731.12,33,259185.58
2012-11-05,295841.84,33,258110.9
2012-12-10,291781.16,33,257461.72
2012-09-28,928629.3,34,961689.2
2012-10-02,1047658.06,34,960889.44
2012-10-08,1004523.56,34,952255.56
2012-10-19,963516.25,34,950578.44
2012-10-26,956987.8,34,953239.3
2012-11-05,949625.5,34,948496.1
2012-12-10,948613.4,34,947637.1
2012-09-28,814099.9,35,907341.44
2012-10-02,849779.1,35,907040.7
2012-10-08,888368.8,35,889083.44
2012-10-19,829284.7,35,885979.25
2012-10-26,865137.6,35,886324.9
2012-11-05,802383.6,35,877104.2
2012-12-10,873643.1,35,874531.4
2012-09-28,270677.97,36,383056.2
2012-10-02,335741.9,36,384532.56
2012-10-08,298947.5,36,381146.38
2012-10-19,287360.06,36,379716.56
2012-10-26,272489.4,36,378347.38
2012-11-05,330518.34,36,375471.72
2012-12-10,300236.84,36,373497.22
2012-09-28,527953.1,37,517402.94
2012-10-02,527041.44,37,517300.66
2012-10-08,500964.6,37,515393.5
2012-10-19,551969.1,37,515170.72
2012-10-26,534738.44,37,515234.6
2012-11-05,527983.06,37,514303.47
2012-12-10,521810.75,37,514080.75
2012-09-28,398468.1,38,388171.75
2012-10-02,469787.38,38,388697.1
2012-10-08,436690.12,38,385862.53
2012-10-19,428806.47,38,384589.28
2012-10-26,417290.38,38,384046.6
2012-11-05,429914.6,38,382114.34
2012-12-10,437320.66,38,380945.88
2012-09-28,1495607.1,39,1471978.6
2012-10-02,1442988.5,39,1475904.2
2012-10-08,1641867.9,39,1459512.6
2012-10-19,1577486.4,39,1452632.0
2012-10-26,1569502.0,39,1450272.9
2012-11-05,1470792.4,39,1440591.0
2012-12-10,1494417.1,39,1434109.5
2012-09-28,2027620.2,4,2092336.8
2012-10-02,2374660.8,4,2091868.5
2012-10-08,2193367.8,4,2071113.8
2012-10-19,2097266.8,4,2067738.2
2012-10-26,2149594.5,4,2071012.5
2012-11-05,2127661.2,4,2062427.6
2012-12-10,2133026.0,4,2058721.5
2012-09-28,919595.44,40,955126.06
2012-10-02,999785.5,40,954890.9
2012-10-08,1007906.44,40,944959.7
2012-10-19,918170.5,40,943597.0
2012-10-26,921264.5,40,943528.6
2012-11-05,967729.4,40,938698.6
2012-12-10,982523.25,40,937381.0
2012-09-28,1307928.0,41,1258790.4
2012-10-02,1238844.5,41,1256712.2
2012-10-08,1504546.0,41,1241654.8
2012-10-19,1326197.2,41,1240336.6
2012-10-26,1316542.6,41,1241901.4
2012-11-05,1353285.1,41,1234136.1
2012-12-10,1409545.0,41,1232833.2
2012-09-28,505978.47,42,560538.1
2012-10-02,674919.44,42,561316.1
2012-10-08,576620.3,42,558089.56
2012-10-19,541407.0,42,556595.9
2012-10-26,514756.1,42,555874.3
2012-11-05,643603.7,42,553585.2
2012-12-10,612379.9,42,552144.5
2012-09-28,577792.3,43,632676.8
2012-10-02,662198.6,43,632812.25
2012-10-08,643558.75,43,629599.7
2012-10-19,623919.25,43,628797.4
2012-10-26,587603.56,43,628646.5
2012-11-05,640159.06,43,627007.7
2012-12-10,619369.75,43,626315.0
2012-09-28,355307.94,44,303234.38
2012-10-02,325377.97,44,303406.97
2012-10-08,333594.8,44,301794.34
2012-10-19,323766.78,44,301090.06
2012-10-26,361067.06,44,300861.03
2012-11-05,341381.1,44,299817.22
2012-12-10,337796.12,44,299211.66
2012-09-28,713173.94,45,783677.75
2012-10-02,803657.1,45,784099.6
2012-10-08,733037.3,45,772951.56
2012-10-19,718125.5,45,770476.94
2012-10-26,760281.44,45,770634.25
2012-11-05,770487.4,45,764570.94
2012-12-10,734464.4,45,762491.1
2012-09-28,310141.7,5,320936.66
2012-10-02,349239.88,5,321631.38
2012-10-08,306759.7,5,319090.34
2012-10-19,313358.16,5,317979.0
2012-10-26,319550.78,5,317536.06
2012-11-05,333870.53,5,315689.97
2012-12-10,325345.4,5,314577.44
2012-09-28,1369131.5,6,1549989.5
2012-10-02,1620603.9,6,1548819.6
2012-10-08,1588380.8,6,1531074.6
2012-10-19,1436884.0,6,1528766.1
2012-10-26,1431426.4,6,1530746.9
2012-11-05,1517075.6,6,1522156.2
2012-12-10,1459396.9,6,1520177.6
2012-09-28,525545.75,7,584996.5
2012-10-02,563460.75,7,587396.1
2012-10-08,675926.3,7,581079.25
2012-10-19,516424.84,7,578356.9
2012-10-26,495543.28,7,576024.56
2012-11-05,460397.4,7,570310.1
2012-12-10,503463.94,7,566515.56
2012-09-28,884724.44,8,903102.44
2012-10-02,1021400.44,8,902075.1
2012-10-08,930745.7,8,893550.25
2012-10-19,900309.75,8,891721.0
2012-10-26,891671.44,8,892633.75
2012-11-05,920128.9,8,888006.2
2012-12-10,927512.0,8,886774.1
2012-09-28,516361.06,9,542027.44
2012-10-02,609736.1,9,542393.7
2012-10-08,538713.5,9,536603.44
2012-10-19,542009.44,9,535415.2
2012-10-26,549731.5,9,535084.1
2012-11-05,592572.3,9,532346.2
2012-12-10,558464.8,9,531277.06
